{
	"format_version": "1.8.0",
	"animations": {
		"animation.cone_of_fire.idle": {
			"animation_length": 1.5,
			"bones": {
				"Yellow": {
					"rotation": {
						"0.0": {
							"vector": [0, 0, 0]
						},
						"0.25": {
							"vector": [-59.68285, -56.16114, 119.85383]
						},
						"0.5": {
							"vector": [-105.45718, -100, 170.87588]
						}
					},
					"scale": {
						"0.0": {
							"vector": [1, 1, 1]
						},
						"0.25": {
							"vector": [1.5, 1.5, 1.5]
						},
						"0.5": {
							"vector": [0, 0, 0]
						}
					}
				},
				"Red": {
					"rotation": {
						"0.25": {
							"vector": [0, 0, 0]
						},
						"0.5": {
							"vector": [91.64037, -60.65706, 0.05543]
						},
						"1.0": {
							"vector": [215.80201, -42.71765, -52.6726]
						}
					},
					"scale": {
						"0.25": {
							"vector": [1, 1, 1]
						},
						"0.5": {
							"vector": [3, 3, 3]
						},
						"1.0": {
							"vector": [0, 0, 0],
							"easing": "easeInCubic"
						}
					}
				},
				"Smoke": {
					"rotation": {
						"0.75": {
							"vector": [0, 0, 0]
						},
						"1.0": {
							"vector": [-11.73696, -35.5784, -92.09278]
						},
						"1.5": {
							"vector": [46.57909, 32.96215, -111.48629]
						}
					},
					"scale": {
						"0.75": {
							"vector": [1, 1, 1]
						},
						"1.0": {
							"vector": [3.5, 3.5, 3.5]
						},
						"1.5": {
							"vector": [0, 0, 0]
						}
					}
				}
			}
		}
	}
}